-- phpMyAdmin SQL Dump
-- version 5.0.2
-- https://www.phpmyadmin.net/
--
-- Host: 127.0.0.1
-- Generation Time: Dec 04, 2020 at 02:50 PM
-- Server version: 10.4.13-MariaDB
-- PHP Version: 7.4.8

SET SQL_MODE = "NO_AUTO_VALUE_ON_ZERO";
START TRANSACTION;
SET time_zone = "+00:00";


/*!40101 SET @OLD_CHARACTER_SET_CLIENT=@@CHARACTER_SET_CLIENT */;
/*!40101 SET @OLD_CHARACTER_SET_RESULTS=@@CHARACTER_SET_RESULTS */;
/*!40101 SET @OLD_COLLATION_CONNECTION=@@COLLATION_CONNECTION */;
/*!40101 SET NAMES utf8mb4 */;

--
-- Database: `college-management`
--

-- --------------------------------------------------------

--
-- Table structure for table `tbl_college`
--

CREATE TABLE `tbl_college` (
  `college_id` int(11) NOT NULL,
  `collegename` varchar(200) NOT NULL,
  `branch` varchar(200) NOT NULL
) ENGINE=InnoDB DEFAULT CHARSET=latin1;

--
-- Dumping data for table `tbl_college`
--

INSERT INTO `tbl_college` (`college_id`, `collegename`, `branch`) VALUES
(1, 'Netaji subhash Engineering College', 'Computer Science and Engineering'),
(2, 'Indian Institute of Technology', 'Civil'),
(3, 'National Institute of Technology', 'Electronics');

-- --------------------------------------------------------

--
-- Table structure for table `tbl_roles`
--

CREATE TABLE `tbl_roles` (
  `role_id` int(11) NOT NULL,
  `rolename` varchar(100) NOT NULL
) ENGINE=InnoDB DEFAULT CHARSET=latin1;

--
-- Dumping data for table `tbl_roles`
--

INSERT INTO `tbl_roles` (`role_id`, `rolename`) VALUES
(1, 'Admin'),
(2, 'Co Admin');

-- --------------------------------------------------------

--
-- Table structure for table `tbl_student`
--

CREATE TABLE `tbl_student` (
  `id` int(11) NOT NULL,
  `studentname` varchar(200) NOT NULL,
  `college_id` int(11) NOT NULL,
  `gender` varchar(200) NOT NULL,
  `email` varchar(200) NOT NULL,
  `course` varchar(200) NOT NULL
) ENGINE=InnoDB DEFAULT CHARSET=latin1;

--
-- Dumping data for table `tbl_student`
--

INSERT INTO `tbl_student` (`id`, `studentname`, `college_id`, `gender`, `email`, `course`) VALUES
(1, 'Albert Einstein', 3, 'male', 'abcd@gmail.com', 'Engineering'),
(2, 'Rasel Hussain', 2, 'male', 'rasel@gmail.com', 'Business'),
(3, 'Harry potter', 1, 'male', 'harry@gmail.com', 'Management'),
(4, 'Sruti Hussain', 2, 'female', 'sruti@gmail.com', 'Science');

-- --------------------------------------------------------

--
-- Table structure for table `tbl_users`
--

CREATE TABLE `tbl_users` (
  `user_id` int(11) NOT NULL,
  `username` varchar(255) NOT NULL,
  `college_id` int(11) NOT NULL,
  `email` varchar(255) NOT NULL,
  `gender` varchar(255) NOT NULL,
  `role_id` int(11) NOT NULL,
  `password` varchar(255) NOT NULL,
  `confpwd` varchar(255) NOT NULL
) ENGINE=InnoDB DEFAULT CHARSET=latin1;

--
-- Dumping data for table `tbl_users`
--

INSERT INTO `tbl_users` (`user_id`, `username`, `college_id`, `email`, `gender`, `role_id`, `password`, `confpwd`) VALUES
(1, 'arijit', 0, 'Jhonty525@gmail.com', 'male', 1, '7110eda4d09e062aa5e4a390b0a572ac0d2c0220', '7110eda4d09e062aa5e4a390b0a572ac0d2c0220'),
(2, 'BP621431', 1, 'michael@gmail.com', 'female', 2, '7110eda4d09e062aa5e4a390b0a572ac0d2c0220', '7110eda4d09e062aa5e4a390b0a572ac0d2c0220'),
(3, 'Dona', 3, 'jhonty525@gmail.com', 'female', 1, '7110eda4d09e062aa5e4a390b0a572ac0d2c0220', '7110eda4d09e062aa5e4a390b0a572ac0d2c0220'),
(4, 'Anonymous', 2, 'anonymous@gmail.com', 'male', 1, '7110eda4d09e062aa5e4a390b0a572ac0d2c0220', '7110eda4d09e062aa5e4a390b0a572ac0d2c0220');

--
-- Indexes for dumped tables
--

--
-- Indexes for table `tbl_college`
--
ALTER TABLE `tbl_college`
  ADD PRIMARY KEY (`college_id`);

--
-- Indexes for table `tbl_roles`
--
ALTER TABLE `tbl_roles`
  ADD PRIMARY KEY (`role_id`);

--
-- Indexes for table `tbl_student`
--
ALTER TABLE `tbl_student`
  ADD PRIMARY KEY (`id`);

--
-- Indexes for table `tbl_users`
--
ALTER TABLE `tbl_users`
  ADD PRIMARY KEY (`user_id`);

--
-- AUTO_INCREMENT for dumped tables
--

--
-- AUTO_INCREMENT for table `tbl_college`
--
ALTER TABLE `tbl_college`
  MODIFY `college_id` int(11) NOT NULL AUTO_INCREMENT, AUTO_INCREMENT=4;

--
-- AUTO_INCREMENT for table `tbl_roles`
--
ALTER TABLE `tbl_roles`
  MODIFY `role_id` int(11) NOT NULL AUTO_INCREMENT, AUTO_INCREMENT=3;

--
-- AUTO_INCREMENT for table `tbl_student`
--
ALTER TABLE `tbl_student`
  MODIFY `id` int(11) NOT NULL AUTO_INCREMENT, AUTO_INCREMENT=5;

--
-- AUTO_INCREMENT for table `tbl_users`
--
ALTER TABLE `tbl_users`
  MODIFY `user_id` int(11) NOT NULL AUTO_INCREMENT, AUTO_INCREMENT=5;
COMMIT;

/*!40101 SET CHARACTER_SET_CLIENT=@OLD_CHARACTER_SET_CLIENT */;
/*!40101 SET CHARACTER_SET_RESULTS=@OLD_CHARACTER_SET_RESULTS */;
/*!40101 SET COLLATION_CONNECTION=@OLD_COLLATION_CONNECTION */;
